City_ID,City,Country,Date,Lat,Lng,Max Temp,Humidity,Cloudiness,Wind Speed
0,Mahebourg,MU,2021-10-24 20:24:51,-20.4081,57.7,74.25,78,40,11.5
1,Cape Town,ZA,2021-10-24 20:23:24,-33.9258,18.4232,60.1,70,0,5.01
2,Oktyabrskiy,RU,2021-10-24 20:24:52,54.4815,53.471,37.85,83,10,5.19
3,Yulara,AU,2021-10-24 20:24:52,-25.2406,130.9889,58.84,55,0,4.61
4,Mantua,IT,2021-10-24 20:24:52,45.1667,10.7833,56.28,81,100,1.01
5,Champerico,GT,2021-10-24 20:24:53,14.3,-91.9167,88.36,74,54,8.3
6,Punta Arenas,CL,2021-10-24 20:22:15,-53.15,-70.9167,46.51,39,75,28.77
7,Thompson,CA,2021-10-24 20:24:38,55.7435,-97.8558,32.16,80,90,4.61
8,Kahului,US,2021-10-24 20:24:53,20.8947,-156.47,83.46,71,40,13.8
9,Upernavik,GL,2021-10-24 20:23:40,72.7868,-56.1549,16.27,67,94,8.41
10,Rikitea,PF,2021-10-24 20:24:54,-23.1203,-134.9692,74.7,72,23,17.83
11,Mehamn,NO,2021-10-24 20:24:54,71.0357,27.8492,30.11,75,95,5.3
12,Flinders,AU,2021-10-24 20:23:01,-34.5833,150.8552,54.18,88,3,1.99
13,Bonnyville,CA,2021-10-24 20:24:23,54.2668,-110.735,51.6,62,90,7.38
14,Tuktoyaktuk,CA,2021-10-24 20:23:40,69.4541,-133.0374,30.2,93,75,0.0
15,Lompoc,US,2021-10-24 20:24:55,34.6391,-120.4579,74.7,60,90,11.5
16,Kuah,MY,2021-10-24 20:24:56,6.3265,99.8432,76.98,100,20,0.0
17,Jamestown,US,2021-10-24 20:21:30,42.097,-79.2353,52.52,89,90,3.0
18,Dikson,RU,2021-10-24 20:24:56,73.5069,80.5464,8.91,88,100,18.39
19,Pindiga,NG,2021-10-24 20:24:57,9.9833,10.9333,80.29,50,100,1.99
20,Usinsk,RU,2021-10-24 20:20:56,65.9939,57.5281,20.79,96,100,5.59
21,Manokwari,ID,2021-10-24 20:24:58,-0.8667,134.0833,77.97,75,100,2.08
22,Butaritari,KI,2021-10-24 20:22:49,3.0707,172.7902,81.32,73,83,4.59
23,Benguela,AO,2021-10-24 20:24:58,-12.5763,13.4055,74.71,74,61,3.94
24,Mikkeli,FI,2021-10-24 20:23:58,61.6886,27.2723,32.14,93,90,9.22
25,Manzanillo,CU,2021-10-24 20:24:59,20.3433,-77.1167,88.47,55,90,1.79
26,Vaini,TO,2021-10-24 20:21:34,-21.2,-175.2,77.16,78,20,10.36
27,Opuwo,NA,2021-10-24 20:24:59,-18.0607,13.84,71.65,25,6,8.55
28,Hobart,AU,2021-10-24 20:20:52,-42.8794,147.3294,48.06,72,90,1.99
29,Hermanus,ZA,2021-10-24 20:21:31,-34.4187,19.2345,58.89,69,0,10.07
30,Whitianga,NZ,2021-10-24 20:25:00,-36.8333,175.7,62.02,96,100,8.08
31,Mar Del Plata,AR,2021-10-24 20:25:00,-38.0023,-57.5575,69.82,28,0,17.27
32,La Ronge,CA,2021-10-24 20:25:00,55.1001,-105.2842,41.22,75,75,17.27
33,Waingapu,ID,2021-10-24 20:24:51,-9.6567,120.2641,78.44,85,95,2.21
34,Taltal,CL,2021-10-24 20:25:01,-25.4,-70.4833,63.0,70,24,3.87
35,Iqaluit,CA,2021-10-24 20:24:19,63.7506,-68.5145,31.73,86,90,5.99
36,Torbay,CA,2021-10-24 20:25:02,47.6666,-52.7314,57.67,89,75,26.46
37,Busselton,AU,2021-10-24 20:23:04,-33.65,115.3333,56.05,82,100,12.33
38,Kungurtug,RU,2021-10-24 20:25:03,50.5994,97.5228,28.65,72,70,1.36
39,Port Elizabeth,ZA,2021-10-24 20:25:04,-33.918,25.5701,57.49,82,40,6.91
40,Husavik,IS,2021-10-24 20:20:52,66.0449,-17.3389,37.31,98,100,12.37
41,Chokurdakh,RU,2021-10-24 20:23:35,70.6333,147.9167,-7.62,99,100,3.04
42,Bluff,NZ,2021-10-24 20:21:33,-46.6,168.3333,52.86,92,92,5.99
43,Shache,CN,2021-10-24 20:25:05,38.4167,77.2406,46.49,35,81,2.26
44,Sabang,ID,2021-10-24 20:22:06,5.8933,95.3214,81.05,77,100,9.35
45,Pathein,MM,2021-10-24 20:25:06,16.7833,94.7333,74.32,94,93,3.51
46,Cayenne,GF,2021-10-24 20:20:54,4.9333,-52.3333,84.24,85,75,5.99
47,Chara,RU,2021-10-24 20:25:07,56.9064,118.2631,28.08,66,100,1.43
48,Severo-Kurilsk,RU,2021-10-24 20:25:07,50.6789,156.125,38.48,77,29,16.49
49,Arraial Do Cabo,BR,2021-10-24 20:25:07,-22.9661,-42.0278,76.86,78,75,4.61
50,Sao Joao Da Barra,BR,2021-10-24 20:24:20,-21.6403,-41.0511,78.89,89,84,13.58
51,Kapaa,US,2021-10-24 20:21:27,22.0752,-159.319,80.92,75,75,1.01
52,Ushuaia,AR,2021-10-24 20:25:08,-54.8,-68.3,33.46,93,75,19.57
53,Mataura,NZ,2021-10-24 20:25:09,-46.1927,168.8643,53.47,95,100,2.64
54,Hilo,US,2021-10-24 20:25:09,19.7297,-155.09,79.29,88,45,4.0
55,Bilibino,RU,2021-10-24 20:25:09,68.0546,166.4372,-20.72,100,95,3.4
56,Airai,TL,2021-10-24 20:25:10,-8.9266,125.4092,61.07,85,100,1.3
57,Beloha,MG,2021-10-24 20:25:10,-25.1667,45.05,71.78,87,67,10.96
58,Tyrma,RU,2021-10-24 20:25:10,50.0833,132.1667,30.16,93,5,1.88
59,Ponta Do Sol,PT,2021-10-24 20:25:11,32.6667,-17.1,70.72,71,97,5.75
60,Saint George,US,2021-10-24 20:23:08,37.1041,-113.5841,70.63,37,1,1.01
61,Yunyang,CN,2021-10-24 20:25:11,33.4474,112.7142,54.1,62,78,1.03
62,Khatanga,RU,2021-10-24 20:25:14,71.9667,102.5,0.25,90,84,16.78
63,Goderich,CA,2021-10-24 20:25:14,43.7501,-81.7165,54.03,66,100,4.61
64,Turukhansk,RU,2021-10-24 20:25:15,65.8167,87.9833,25.79,96,100,14.76
65,Westerland,DE,2021-10-24 20:25:15,54.9079,8.3033,46.42,87,43,11.5
66,Gat,IL,2021-10-24 20:24:00,31.61,34.7642,70.81,100,0,4.47
67,Sao Filipe,CV,2021-10-24 20:24:09,14.8961,-24.4956,79.63,67,27,8.03
68,Yerbogachen,RU,2021-10-24 20:25:16,61.2767,108.0108,34.47,98,100,9.35
69,Sri Aman,MY,2021-10-24 20:25:16,1.2376,111.4621,77.05,94,48,3.44
70,Albany,US,2021-10-24 20:24:53,42.6001,-73.9662,57.61,62,99,1.99
71,Hamilton,US,2021-10-24 20:21:08,39.1834,-84.5333,71.78,94,1,1.01
72,Inhambane,MZ,2021-10-24 20:25:17,-23.865,35.3833,73.09,91,100,7.72
73,Vila Franca Do Campo,PT,2021-10-24 20:25:18,37.7167,-25.4333,64.81,74,0,6.24
74,Ancud,CL,2021-10-24 20:25:18,-41.8697,-73.8203,59.43,82,92,16.46
75,Georgetown,MY,2021-10-24 20:23:26,5.4112,100.3354,77.95,95,20,0.0
76,Lazurne,UA,2021-10-24 20:25:19,46.084,32.5295,48.81,57,6,14.9
77,Rabo De Peixe,PT,2021-10-24 20:25:20,37.8,-25.5833,63.91,72,20,8.05
78,Dalbandin,PK,2021-10-24 20:25:20,28.8947,64.4101,62.31,14,0,1.77
79,Bubaque,GW,2021-10-24 20:23:36,11.2833,-15.8333,82.17,73,100,5.28
80,Norman Wells,CA,2021-10-24 20:25:20,65.282,-126.8329,23.04,93,90,3.44
81,Lod,IL,2021-10-24 20:25:21,31.9514,34.8953,71.55,69,75,4.61
82,Carballo,ES,2021-10-24 20:25:21,43.213,-8.691,59.54,93,14,3.96
83,Sol-Iletsk,RU,2021-10-24 20:25:21,51.1631,54.9918,47.95,87,100,5.01
84,Abu Dhabi,AE,2021-10-24 20:25:22,24.4667,54.3667,84.22,65,0,2.3
85,Saldanha,ZA,2021-10-24 20:25:22,-33.0117,17.9442,57.25,75,0,18.1
86,Aklavik,CA,2021-10-24 20:25:22,68.2191,-135.0107,23.72,93,80,1.59
87,Kavaratti,IN,2021-10-24 20:25:23,10.5669,72.642,81.37,76,16,6.15
88,Nikolskoye,RU,2021-10-24 20:25:23,59.7035,30.7861,33.87,84,79,4.41
89,Pajapan,MX,2021-10-24 20:25:23,18.25,-94.7,91.56,71,46,4.05
90,Kysyl-Syr,RU,2021-10-24 20:25:24,63.8986,122.7617,31.03,98,100,4.74
91,Okhotsk,RU,2021-10-24 20:25:24,59.3833,143.3,17.15,82,27,8.59
92,Banda Aceh,ID,2021-10-24 20:25:24,5.5577,95.3222,79.03,81,100,9.08
93,Faanui,PF,2021-10-24 20:22:42,-16.4833,-151.75,76.44,88,100,12.1
94,Yamada,JP,2021-10-24 20:25:25,39.4667,141.95,48.76,79,25,5.23
95,Qaanaaq,GL,2021-10-24 20:25:25,77.484,-69.3632,-3.05,60,0,11.59
96,Sitka,US,2021-10-24 20:22:56,57.0531,-135.33,51.69,54,40,0.0
97,Staryy Nadym,RU,2021-10-24 20:25:26,65.6118,72.6842,24.26,83,17,15.86
98,Nizamabad,IN,2021-10-24 20:25:26,18.6667,78.1167,68.58,74,44,5.86
99,Tocopilla,CL,2021-10-24 20:25:26,-22.092,-70.1979,65.59,63,21,7.27
100,Saint-Philippe,RE,2021-10-24 20:25:27,-21.3585,55.7679,72.99,85,43,15.99
101,San Ramon,US,2021-10-24 20:25:27,37.7799,-121.978,63.39,93,90,5.01
102,Cockburn Town,TC,2021-10-24 20:21:12,21.4612,-71.1419,84.16,61,40,6.91
103,Wloszczowa,PL,2021-10-24 20:25:28,50.8526,19.9659,43.66,69,45,6.64
104,Chopinzinho,BR,2021-10-24 20:25:28,-25.8558,-52.5233,64.33,72,0,9.31
105,Chuy,UY,2021-10-24 20:25:29,-33.6971,-53.4616,66.4,48,1,8.41
106,Port Hedland,AU,2021-10-24 20:25:29,-20.3167,118.5667,66.25,68,7,5.75
107,Tasiilaq,GL,2021-10-24 20:25:30,65.6145,-37.6368,32.16,94,100,27.6
108,Isangel,VU,2021-10-24 20:25:30,-19.55,169.2667,77.11,73,34,4.61
109,Barrow,US,2021-10-24 20:25:31,71.2906,-156.7887,28.42,80,90,5.75
110,Puerto Ayora,EC,2021-10-24 20:22:53,-0.7393,-90.3518,78.76,85,100,10.78
111,Bredasdorp,ZA,2021-10-24 20:25:31,-34.5322,20.0403,52.29,75,0,5.23
112,Cabo San Lucas,MX,2021-10-24 20:25:32,22.8909,-109.9124,91.62,61,20,10.36
113,Luderitz,NA,2021-10-24 20:25:32,-26.6481,15.1594,61.75,63,0,13.38
114,Atuona,PF,2021-10-24 20:25:32,-9.8,-139.0333,77.95,69,8,17.07
115,Lokosovo,RU,2021-10-24 20:25:33,61.1333,74.8167,30.97,92,100,2.06
116,Imbituba,BR,2021-10-24 20:25:33,-28.24,-48.6703,72.82,61,7,13.78
117,Haskovo,BG,2021-10-24 20:25:34,41.9403,25.5694,51.42,88,7,3.47
118,Luba,GQ,2021-10-24 20:25:34,3.4568,8.5547,78.69,87,33,5.7
119,Victoria,HK,2021-10-24 20:21:15,22.2855,114.1577,69.33,74,14,1.99
120,Marsaxlokk,MT,2021-10-24 20:25:35,35.8419,14.5431,71.08,83,75,9.22
121,Waipawa,NZ,2021-10-24 20:25:35,-41.4122,175.5153,57.83,89,99,7.0
122,Provideniya,RU,2021-10-24 20:21:01,64.3833,-173.3,24.91,58,0,11.18
123,Laguna,US,2021-10-24 20:22:43,38.421,-121.4238,64.02,92,90,5.01
124,Dongsheng,CN,2021-10-24 20:24:30,39.8161,109.9776,43.54,40,100,6.93
125,Santa Isabel Do Rio Negro,BR,2021-10-24 20:25:36,-0.4139,-65.0192,85.89,64,100,1.9
126,Port Alfred,ZA,2021-10-24 20:25:36,-33.5906,26.891,59.95,73,21,11.14
127,Shimoda,JP,2021-10-24 20:25:37,34.6667,138.95,58.1,64,97,14.09
128,Sola,VU,2021-10-24 20:25:37,-13.8833,167.55,80.33,78,29,15.66
129,Kaitangata,NZ,2021-10-24 20:25:37,-46.2817,169.8464,53.8,85,100,0.25
130,Alice Springs,AU,2021-10-24 20:25:38,-23.7,133.8833,60.35,48,9,0.0
131,Clyde River,CA,2021-10-24 20:25:38,70.4692,-68.5914,12.15,80,65,4.18
132,Katsuura,JP,2021-10-24 20:25:39,35.1333,140.3,55.51,62,37,5.48
133,Pachelma,RU,2021-10-24 20:25:39,53.2443,43.3521,34.18,95,100,17.31
134,Deputatskiy,RU,2021-10-24 20:25:39,69.3,139.9,-0.92,98,100,1.21
135,Kieta,PG,2021-10-24 20:25:40,-6.2167,155.6333,78.62,82,23,1.16
136,Ilesha,NG,2021-10-24 20:25:40,7.1371,5.2583,73.83,92,29,0.63
137,Pevek,RU,2021-10-24 20:25:41,69.7008,170.3133,6.24,94,100,3.22
138,Coihaique,CL,2021-10-24 20:23:02,-45.5752,-72.0662,48.15,81,90,9.22
139,Barstow,US,2021-10-24 20:25:41,34.8986,-117.0228,79.79,27,100,16.04
140,Krasnoselkup,RU,2021-10-24 20:22:38,65.7,82.4667,24.15,90,97,20.76
141,Avarua,CK,2021-10-24 20:25:42,-21.2078,-159.775,73.45,68,75,11.5
142,Muisne,EC,2021-10-24 20:25:43,0.6,-80.0333,77.9,81,99,11.27
143,East London,ZA,2021-10-24 20:25:43,-33.0153,27.9116,62.58,67,94,13.09
144,Wajima,JP,2021-10-24 20:25:43,37.4,136.9,58.87,72,99,8.3
145,Caluquembe,AO,2021-10-24 20:25:44,-13.7833,14.6833,65.79,73,33,7.38
146,Castro,BR,2021-10-24 20:25:44,-24.7911,-50.0119,62.19,88,88,5.19
147,Roald,NO,2021-10-24 20:25:44,62.5833,6.1333,53.65,82,75,11.5
148,Maragogi,BR,2021-10-24 20:25:45,-9.0122,-35.2225,79.0,71,88,10.0
149,Yellowknife,CA,2021-10-24 20:21:33,62.456,-114.3525,42.42,80,90,25.32
150,Presidencia Roque Saenz Pena,AR,2021-10-24 20:25:46,-26.7852,-60.4388,83.03,23,0,3.6
151,Tiksi,RU,2021-10-24 20:22:53,71.6872,128.8694,1.76,99,100,6.26
152,Porangatu,BR,2021-10-24 20:25:46,-13.4408,-49.1486,86.94,49,100,2.46
153,Moindou,NC,2021-10-24 20:25:46,-21.6924,165.677,69.75,78,9,3.98
154,Aripuana,BR,2021-10-24 20:25:47,-9.1667,-60.6333,92.8,45,58,4.03
155,Santa Ines,BR,2021-10-24 20:25:47,-3.6667,-45.38,85.75,63,74,4.05
156,Lodhran,PK,2021-10-24 20:25:48,29.5405,71.6336,69.6,62,0,8.3
157,Kargil,IN,2021-10-24 20:25:48,34.5667,76.1,30.79,78,100,5.21
158,The Valley,AI,2021-10-24 20:20:52,18.217,-63.0578,82.54,78,40,12.66
159,Adrar,MR,2021-10-24 20:25:49,20.5022,-10.0711,86.31,21,22,6.91
160,Verkhnevilyuysk,RU,2021-10-24 20:25:49,63.4453,120.3167,31.68,98,100,4.92
161,Inirida,CO,2021-10-24 20:25:49,3.8653,-67.9239,85.89,70,88,2.57
162,Constitucion,CL,2021-10-24 20:25:50,-35.3333,-72.4167,63.95,63,5,18.34
163,Valleyview,CA,2021-10-24 20:25:50,55.0667,-117.2859,51.84,62,4,10.36
164,Northam,GB,2021-10-24 20:25:50,51.0333,-4.2167,58.08,90,6,13.31
165,Shunyi,CN,2021-10-24 20:25:51,40.125,116.6453,40.95,93,99,2.24
166,Esperance,AU,2021-10-24 20:23:47,-33.8667,121.9,67.96,35,100,24.32
167,Komsomolskiy,UZ,2021-10-24 20:25:51,40.4272,71.7189,44.02,56,0,9.22
168,Ilebo,CD,2021-10-24 20:25:52,-4.3167,20.5833,73.71,91,100,1.1
169,Hithadhoo,MV,2021-10-24 20:25:52,-0.6,73.0833,81.95,76,42,15.19
170,Sayville,US,2021-10-24 20:25:52,40.7359,-73.0821,60.75,64,90,1.99
171,Nuuk,GL,2021-10-24 20:25:53,64.1835,-51.7216,27.21,43,0,8.05
172,Atar,MR,2021-10-24 20:25:53,20.5169,-13.0499,88.74,18,57,2.13
173,Bograd,RU,2021-10-24 20:25:54,54.2344,90.8328,42.55,79,100,7.4
174,Yuli,NG,2021-10-24 20:25:54,9.6989,10.2744,82.36,49,100,2.55
175,Mbaiki,CF,2021-10-24 20:25:54,3.8678,17.9892,72.0,97,100,1.05
176,Lungi,SL,2021-10-24 20:25:55,9.2212,-12.6831,75.4,96,91,4.05
177,Humboldt,US,2021-10-24 20:25:55,40.6665,-123.9178,48.13,95,100,8.01
178,Senno,RU,2021-10-24 20:25:56,59.5336,33.9167,24.26,88,44,3.44
179,Kankakee,US,2021-10-24 20:22:28,41.15,-87.8667,51.91,98,90,13.8
180,Alofi,NU,2021-10-24 20:25:56,-19.0595,-169.9187,78.69,61,75,17.27
181,Ribeira Grande,PT,2021-10-24 20:25:56,38.5167,-28.7,64.8,72,20,1.14
182,Panguna,PG,2021-10-24 20:25:57,-6.3164,155.4848,68.32,94,91,1.5
183,Damietta,EG,2021-10-24 20:25:57,31.4165,31.8133,71.49,63,22,7.11
184,Farmington,US,2021-10-24 20:25:58,36.7281,-108.2187,67.86,29,1,0.0
185,Puerto Escondido,MX,2021-10-24 20:25:58,15.85,-97.0667,86.83,58,40,3.44
186,Nador,MA,2021-10-24 20:25:58,35.174,-2.9287,64.65,82,0,5.75
187,Geraldton,AU,2021-10-24 20:25:59,-28.7667,114.6,65.12,88,75,9.22
188,Kawambwa,ZM,2021-10-24 20:26:00,-9.7915,29.0791,71.69,57,90,2.77
189,Kalabo,ZM,2021-10-24 20:26:00,-14.97,22.6814,75.15,59,100,1.23
190,Samarai,PG,2021-10-24 20:26:00,-10.6167,150.6667,80.56,82,77,10.8
191,Gewane,ET,2021-10-24 20:26:01,10.1664,40.6453,84.94,29,1,11.95
192,Nguru,NG,2021-10-24 20:26:02,12.8791,10.4526,88.59,17,14,8.9
193,Beringovskiy,RU,2021-10-24 20:23:55,63.05,179.3167,7.75,87,52,7.18
194,Khuzdar,PK,2021-10-24 20:26:03,27.7384,66.6434,61.74,39,0,2.48
195,New Norfolk,AU,2021-10-24 20:26:03,-42.7826,147.0587,47.91,65,99,3.0
196,Lavrentiya,RU,2021-10-24 20:26:04,65.5833,-171.0,21.88,84,100,10.04
197,Lorengau,PG,2021-10-24 20:26:04,-2.0226,147.2712,80.13,82,92,8.12
198,Maniitsoq,GL,2021-10-24 20:26:04,65.4167,-52.9,26.83,55,4,7.63
199,Panaba,MX,2021-10-24 20:26:05,21.2833,-88.2667,90.63,53,99,12.53
200,Sakakah,SA,2021-10-24 20:26:05,29.9697,40.2064,67.57,27,0,6.85
201,Suntar,RU,2021-10-24 20:26:05,62.1444,117.6319,33.51,98,100,7.05
202,Bethel,US,2021-10-24 20:26:06,41.3712,-73.414,58.84,68,90,8.05
203,Nadvoitsy,RU,2021-10-24 20:26:06,63.8667,34.3167,24.73,89,97,7.87
204,Port Hawkesbury,CA,2021-10-24 20:25:02,45.6169,-61.3485,47.59,78,90,8.01
205,Talaya,RU,2021-10-24 20:26:07,61.3833,152.75,4.77,93,100,2.68
206,Minab,IR,2021-10-24 20:21:47,27.1467,57.0801,83.7,71,3,4.41
207,Gorontalo,ID,2021-10-24 20:26:07,0.5412,123.0595,74.41,91,62,2.64
208,Meulaboh,ID,2021-10-24 20:26:07,4.1363,96.1285,74.32,91,100,4.54
209,Sambava,MG,2021-10-24 20:26:08,-14.2667,50.1667,75.81,88,96,4.45
210,Buraydah,SA,2021-10-24 20:26:08,26.326,43.975,77.45,24,0,9.66
211,Nushki,PK,2021-10-24 20:26:09,29.5542,66.0215,58.77,12,0,4.29
212,Mount Juliet,US,2021-10-24 20:26:09,36.2001,-86.5186,80.49,50,40,5.99
213,Nikolayevka,RU,2021-10-24 20:26:09,53.1257,47.2041,38.46,85,39,8.1
214,Umba,RU,2021-10-24 20:26:10,66.6871,34.3429,22.53,86,57,5.93
215,Saint Anthony,US,2021-10-24 20:22:50,45.0205,-93.218,50.25,56,1,3.0
216,Dijkot,PK,2021-10-24 20:26:10,31.2167,72.9833,68.0,70,11,5.79
217,Miraflores,MX,2021-10-24 20:26:11,19.2167,-98.8083,74.16,68,98,6.51
218,Chake Chake,TZ,2021-10-24 20:26:11,-5.2459,39.7666,75.81,83,5,6.26
219,Kenai,US,2021-10-24 20:25:13,60.5544,-151.2583,46.15,86,75,4.61
220,Yeppoon,AU,2021-10-24 20:26:12,-23.1333,150.7333,71.38,81,44,2.95
221,Privolzhskiy,RU,2021-10-24 20:26:12,51.4,46.0333,42.31,60,100,10.0
222,Kaz,RU,2021-10-24 20:26:12,52.9113,87.3105,41.61,84,100,3.51
223,Baykit,RU,2021-10-24 20:26:13,61.67,96.37,35.74,81,98,10.83
224,Barra Do Corda,BR,2021-10-24 20:26:13,-5.5,-45.25,85.28,63,92,2.86
225,Tarbagatay,RU,2021-10-24 20:26:14,51.4803,107.3602,26.13,86,17,4.07
226,Kodiak,US,2021-10-24 20:26:14,57.79,-152.4072,42.93,86,30,7.78
227,Ugoofaaru,MV,2021-10-24 20:26:15,5.6667,73.0,82.54,77,75,16.26
228,Diego De Almagro,CL,2021-10-24 20:26:15,-26.3667,-70.05,82.22,15,0,15.82
229,General Roca,AR,2021-10-24 20:26:16,-39.0333,-67.5833,79.2,23,100,37.29
230,San Quintin,MX,2021-10-24 20:26:16,30.4833,-115.95,67.96,64,29,15.23
231,Comodoro Rivadavia,AR,2021-10-24 20:23:33,-45.8667,-67.5,71.46,26,100,50.64
232,Sidi Ali,DZ,2021-10-24 20:26:17,36.0998,0.4206,62.56,63,0,6.89
233,Tacotalpa,MX,2021-10-24 20:26:17,17.6,-92.8167,91.85,70,37,3.71
234,Tazovskiy,RU,2021-10-24 20:26:17,67.4667,78.7,27.95,96,99,16.31
235,Koslan,RU,2021-10-24 20:26:18,63.4564,48.8989,28.83,84,99,8.48
236,Scarborough,GB,2021-10-24 20:26:18,54.2797,-0.4044,54.09,88,46,4.0
237,Lata,PT,2021-10-24 20:26:18,40.1629,-8.3327,58.06,69,0,1.23
238,Waldoboro,US,2021-10-24 20:26:19,44.0954,-69.3756,54.91,47,0,9.57
239,Saskylakh,RU,2021-10-24 20:26:19,71.9167,114.0833,-9.11,98,100,4.29
240,Klaksvik,FO,2021-10-24 20:26:19,62.2266,-6.589,50.92,90,96,23.73
241,Yayva,RU,2021-10-24 20:26:20,59.3303,57.2641,37.18,99,100,4.32
242,Samoded,RU,2021-10-24 20:26:20,63.6083,40.5111,24.49,93,27,8.61
243,Faya,SA,2021-10-24 20:26:21,18.3851,42.4509,59.52,44,7,2.59
244,Namibe,AO,2021-10-24 20:26:21,-15.1961,12.1522,64.78,82,0,8.41
245,Bealanana,MG,2021-10-24 20:26:21,-14.55,48.7333,65.41,95,100,3.27
246,Deori Khas,IN,2021-10-24 20:26:22,23.4,79.0167,66.88,59,0,2.1
247,Lensk,RU,2021-10-24 20:26:22,60.7253,114.9278,35.6,97,100,10.51
248,Atikokan,CA,2021-10-24 20:26:23,48.7555,-91.6216,43.36,48,80,7.34
249,Zdvinsk,RU,2021-10-24 20:26:23,54.7021,78.661,47.91,82,100,12.73
250,Tulu Bolo,ET,2021-10-24 20:26:23,8.6667,38.2167,53.06,53,14,1.45
251,Saint-Joseph,RE,2021-10-24 20:26:24,-21.3667,55.6167,71.98,82,44,13.11
252,Shaunavon,CA,2021-10-24 20:23:16,49.6501,-108.4181,53.78,32,0,13.11
253,Mount Isa,AU,2021-10-24 20:26:24,-20.7333,139.5,74.97,64,100,5.75
254,Djibo,BF,2021-10-24 20:26:25,14.1022,-1.6306,91.29,33,14,5.21
255,Antofagasta,CL,2021-10-24 20:26:25,-23.65,-70.4,61.88,70,31,8.3
256,Shelburne,CA,2021-10-24 20:26:26,44.0787,-80.2041,53.11,59,76,7.38
257,Ouahigouya,BF,2021-10-24 20:26:26,13.5828,-2.4216,88.09,42,69,7.52
258,Seinajoki,FI,2021-10-24 20:26:26,62.7945,22.8282,36.23,82,90,4.0
259,Teknaf,BD,2021-10-24 20:26:27,20.8624,92.3058,74.1,84,44,3.65
260,Oranjemund,NA,2021-10-24 20:26:27,-28.55,16.4333,60.55,73,0,25.61
261,Ossora,RU,2021-10-24 20:26:28,59.2353,163.0719,26.22,92,99,8.03
262,Broome,US,2021-10-24 20:26:28,42.2506,-75.833,55.38,77,90,1.01
263,Campo Verde,BR,2021-10-24 20:26:29,-20.4167,-54.0667,72.61,82,100,6.85
264,Iquitos,PE,2021-10-24 20:26:29,-3.7481,-73.2472,95.04,52,40,8.05
265,Bambous Virieux,MU,2021-10-24 20:26:29,-20.3428,57.7575,74.21,78,40,11.5
266,Bowen,AU,2021-10-24 20:26:30,-20.0167,148.2333,68.22,76,13,1.48
267,Morondava,MG,2021-10-24 20:26:30,-20.2833,44.2833,74.44,73,0,9.95
268,Keti Bandar,PK,2021-10-24 20:24:47,24.1447,67.4497,78.76,59,0,5.53
269,Nakambala,ZM,2021-10-24 20:26:31,-15.8324,27.7799,81.72,33,18,6.73
270,Westport,US,2021-10-24 20:26:31,41.1415,-73.3579,60.57,63,90,3.0
271,Talnakh,RU,2021-10-24 20:26:32,69.4865,88.3972,25.07,97,100,5.86
272,Muzhi,RU,2021-10-24 20:26:32,65.3667,64.6667,23.99,84,89,5.88
273,Natal,BR,2021-10-24 20:26:32,-5.795,-35.2094,83.05,74,40,12.66
274,Vardo,NO,2021-10-24 20:26:33,70.3705,31.1107,30.18,80,40,9.22
275,Copiapo,CL,2021-10-24 20:25:34,-27.3667,-70.3333,60.49,24,0,8.79
276,Hambantota,LK,2021-10-24 20:26:34,6.1241,81.1185,79.59,78,100,8.1
277,Chicama,PE,2021-10-24 20:23:17,-7.8447,-79.1469,63.14,60,11,10.56
278,Peleduy,RU,2021-10-24 20:26:34,59.6289,112.7406,36.07,97,100,10.85
279,Baoshan,CN,2021-10-24 20:26:34,46.5586,131.4244,40.87,68,0,7.78
280,Morros,BR,2021-10-24 20:26:35,-9.4467,-46.3003,83.86,58,97,0.56
281,Pishin,PK,2021-10-24 20:26:35,30.5803,66.9961,53.08,27,0,3.02
282,Guerrero Negro,MX,2021-10-24 20:25:21,27.9769,-114.0611,71.33,56,1,14.03
283,Sokoni,TZ,2021-10-24 20:26:36,-6.4333,39.55,77.29,76,0,9.69
284,Kencong,ID,2021-10-24 20:26:36,-8.2833,113.3667,77.79,81,86,2.51
285,Starokozache,UA,2021-10-24 20:26:37,46.3372,29.9853,46.08,57,7,8.75
286,Cherskiy,RU,2021-10-24 20:22:25,68.75,161.3,-14.08,99,36,5.23
287,Cervo,ES,2021-10-24 20:26:37,43.6702,-7.4101,58.96,86,9,8.21
288,Kiunga,PG,2021-10-24 20:26:38,-6.1219,141.2906,70.97,98,100,0.85
289,Bela Pod Bezdezem,CZ,2021-10-24 20:26:38,50.5012,14.8042,45.14,69,14,6.04
290,Lima,PE,2021-10-24 20:22:05,-12.0432,-77.0282,67.14,72,40,13.8
291,Mossendjo,CG,2021-10-24 20:26:39,-2.9506,12.7261,70.54,99,89,2.66
292,Clarence Town,AU,2021-10-24 20:26:39,-32.5833,151.7833,61.86,88,52,2.19
293,Eureka,US,2021-10-24 20:24:43,40.8021,-124.1637,57.2,92,100,5.99
294,Garowe,SO,2021-10-24 20:26:39,8.4054,48.4845,75.76,72,42,14.88
295,Kaohsiung,TW,2021-10-24 20:26:40,22.6163,120.3133,73.35,86,75,3.44
296,Doka,SD,2021-10-24 20:26:40,13.5167,35.7667,83.23,37,16,4.94
297,Reconquista,AR,2021-10-24 20:26:41,-29.15,-59.65,80.85,23,0,2.86
298,Carnarvon,AU,2021-10-24 20:26:41,-24.8667,113.6333,68.07,68,75,16.11
299,Mandvi,IN,2021-10-24 20:26:42,22.8333,69.3667,78.96,62,0,10.69
300,Nauta,PE,2021-10-24 20:26:42,-4.5061,-73.5757,90.48,54,100,4.0
301,Huai Yot,TH,2021-10-24 20:26:43,7.7893,99.6348,74.59,94,100,1.88
302,Egvekinot,RU,2021-10-24 20:26:43,66.3167,-179.1667,3.15,88,30,6.4
303,Mabaruma,GY,2021-10-24 20:24:49,8.2,-59.7833,77.0,97,100,2.91
304,Vila Velha,BR,2021-10-24 20:26:44,-20.3297,-40.2925,80.55,78,20,19.57
305,Kishtwar,IN,2021-10-24 20:26:44,33.3167,75.7667,45.75,83,77,3.69
306,Grindavik,IS,2021-10-24 20:26:44,63.8424,-22.4338,46.87,93,90,3.44
307,Harrai,IN,2021-10-24 20:26:45,22.6167,79.2167,65.5,60,0,3.87
308,Ouargaye,BF,2021-10-24 20:26:45,11.5033,0.0572,84.02,53,94,2.8
309,Tuatapere,NZ,2021-10-24 20:22:35,-46.1333,167.6833,55.09,94,99,3.4
310,Giyani,ZA,2021-10-24 20:26:46,-23.3025,30.7187,65.41,64,100,14.94
311,Lebu,CL,2021-10-24 20:26:46,-37.6167,-73.65,57.51,80,12,9.4
312,Longyearbyen,SJ,2021-10-24 20:26:47,78.2186,15.6401,19.24,68,75,4.61
313,Hasaki,JP,2021-10-24 20:26:47,35.7333,140.8333,50.4,53,11,6.64
314,Fare,PF,2021-10-24 20:26:47,-16.7,-151.0167,76.95,83,100,7.54
315,Xuddur,SO,2021-10-24 20:26:48,4.1213,43.8894,78.33,63,48,12.86
316,Vao,NC,2021-10-24 20:23:54,-22.6667,167.4833,70.48,69,51,11.16
317,Tulsipur,NP,2021-10-24 20:26:48,28.131,82.2973,63.57,79,0,4.36
318,Los Arabos,CU,2021-10-24 20:26:49,22.7281,-80.7214,88.38,56,100,8.1
319,Debre Birhan,ET,2021-10-24 20:26:49,9.6833,39.5333,46.96,58,7,4.92
320,Saint-Augustin,CA,2021-10-24 20:26:50,51.226,-58.6502,45.34,87,100,21.77
321,Svetlaya,RU,2021-10-24 20:26:50,46.5389,138.3297,42.78,62,0,5.53
322,Belmonte,BR,2021-10-24 20:26:51,-15.8631,-38.8828,79.3,80,61,9.08
323,Homer,US,2021-10-24 20:22:06,59.6425,-151.5483,46.78,83,75,5.75
324,Grand Gaube,MU,2021-10-24 20:26:51,-20.0064,57.6608,74.37,68,90,7.0
325,La Crosse,US,2021-10-24 20:26:52,43.8014,-91.2396,52.14,59,1,4.0
326,Fenyi,CN,2021-10-24 20:26:52,27.8112,114.6681,53.8,95,0,0.76
327,Salas,ES,2021-10-24 20:26:53,43.4118,-6.2602,56.52,70,99,1.97
328,Dukat,RU,2021-10-24 20:26:54,62.55,155.55,6.48,92,100,7.02
329,Yarada,IN,2021-10-24 20:26:54,17.65,83.2667,77.32,94,75,2.3
330,Fort-Shevchenko,KZ,2021-10-24 20:26:54,44.5086,50.263,56.55,46,100,6.38
331,Walvis Bay,NA,2021-10-24 20:26:55,-22.9575,14.5053,60.1,88,0,5.75
332,Port Macquarie,AU,2021-10-24 20:25:02,-31.4333,152.9167,59.9,81,36,2.08
333,Den Helder,NL,2021-10-24 20:26:56,52.9599,4.7593,49.98,87,85,8.05
334,Pontal Do Parana,BR,2021-10-24 20:26:56,-25.6533,-48.5128,80.26,91,100,8.14
335,Goroka,PG,2021-10-24 20:26:57,-6.0834,145.3873,57.38,96,87,1.92
336,Sainte-Maxime,FR,2021-10-24 20:26:57,43.3,6.6333,60.84,66,8,4.72
337,Pacific Grove,US,2021-10-24 20:26:57,36.6177,-121.9166,67.42,85,100,1.01
338,Kayerkan,RU,2021-10-24 20:26:58,69.3497,87.7602,23.56,97,100,3.29
339,Ketchikan,US,2021-10-24 20:26:58,55.3422,-131.6461,52.27,40,1,6.91
340,Mana,GF,2021-10-24 20:26:59,5.6592,-53.7767,80.74,83,98,9.42
341,Dudinka,RU,2021-10-24 20:26:59,69.4058,86.1778,22.73,97,100,6.58
342,Moranbah,AU,2021-10-24 20:27:00,-22.0016,148.0466,74.01,65,40,6.64
343,Lekoni,GA,2021-10-24 20:27:00,-1.5843,14.2591,75.04,85,36,3.51
344,Novyy Urgal,RU,2021-10-24 20:27:00,51.0736,132.5642,26.47,96,18,1.79
345,Saurimo,AO,2021-10-24 20:27:01,-9.6608,20.3916,68.29,90,100,7.27
346,Te Anau,NZ,2021-10-24 20:27:02,-45.4167,167.7167,52.65,96,100,0.76
347,Zhangye,CN,2021-10-24 20:22:33,38.9342,100.4517,42.3,42,100,3.8
348,Srednekolymsk,RU,2021-10-24 20:23:05,67.45,153.6833,-10.64,97,91,1.97
349,Matane,CA,2021-10-24 20:27:03,48.8286,-67.522,49.23,1,100,18.25
350,San Jose De Guanipa,VE,2021-10-24 20:27:03,8.8872,-64.1651,82.8,65,100,13.4
351,Ponta Delgada,PT,2021-10-24 20:27:03,37.7333,-25.6667,65.12,72,20,8.05
352,Nanortalik,GL,2021-10-24 20:22:10,60.1432,-45.2371,32.32,93,100,4.43
353,Zapolyarnyy,RU,2021-10-24 20:27:04,69.4154,30.8136,20.48,94,19,2.91
354,Road Town,VG,2021-10-24 20:27:04,18.4167,-64.6167,84.29,79,40,8.05
355,Safford,US,2021-10-24 20:22:52,32.834,-109.7076,81.93,28,11,1.66
356,Tessalit,ML,2021-10-24 20:27:05,20.1986,1.0114,89.22,18,47,9.28
357,Emilio Carranza,MX,2021-10-24 20:27:05,19.9711,-96.6114,84.18,72,98,8.66
358,Karratha,AU,2021-10-24 20:24:58,-20.7377,116.8463,75.38,60,6,12.75
359,Kruisfontein,ZA,2021-10-24 20:27:06,-34.0033,24.7314,52.88,73,0,3.56
360,Kavieng,PG,2021-10-24 20:22:11,-2.5744,150.7967,82.31,75,78,12.37
361,Tobol,KZ,2021-10-24 20:27:06,52.6844,62.5794,51.51,60,100,10.29
362,Bengkulu,ID,2021-10-24 20:27:07,-3.8004,102.2655,75.47,89,100,5.37
363,Eyl,SO,2021-10-24 20:23:53,7.9803,49.8164,78.17,78,68,9.42
364,Gorelki,RU,2021-10-24 20:27:07,54.2747,37.6183,31.86,78,52,10.98
365,Souris,CA,2021-10-24 20:27:08,49.6172,-100.2612,42.66,77,100,11.65
366,Salalah,OM,2021-10-24 20:27:08,17.0151,54.0924,77.09,78,0,3.44
367,Hirara,JP,2021-10-24 20:27:09,24.8,125.2833,76.93,71,73,13.35
368,Axim,GH,2021-10-24 20:27:09,4.8699,-2.2405,78.13,85,48,5.99
369,Vostok,RU,2021-10-24 20:24:32,46.4856,135.8833,30.99,75,0,5.12
370,Mount Gambier,AU,2021-10-24 20:24:36,-37.8333,140.7667,46.31,87,90,4.61
371,Yar-Sale,RU,2021-10-24 20:27:10,66.8333,70.8333,24.24,77,36,16.33
372,Elizabeth City,US,2021-10-24 20:22:17,36.2946,-76.2511,78.03,57,1,12.66
373,North Bend,US,2021-10-24 20:27:11,43.4065,-124.2243,58.91,81,90,24.16
374,Moose Factory,CA,2021-10-24 20:27:11,51.2585,-80.6094,41.0,87,90,4.61
375,Sorland,NO,2021-10-24 20:27:11,67.667,12.6934,41.07,95,100,23.38
376,Bandarbeyla,SO,2021-10-24 20:27:12,9.4942,50.8122,78.62,78,27,8.43
377,La Roda,ES,2021-10-24 20:27:12,39.2167,-2.15,58.91,35,0,4.47
378,Ilulissat,GL,2021-10-24 20:22:45,69.2167,-51.1,21.22,58,75,17.27
379,Glenwood Springs,US,2021-10-24 20:27:13,39.5505,-107.3248,64.2,42,42,9.86
380,Hinton,CA,2021-10-24 20:27:13,53.4001,-117.5857,55.44,47,68,8.37
381,Nioro,GM,2021-10-24 20:27:14,13.35,-15.75,81.57,76,100,5.39
382,Berlevag,NO,2021-10-24 20:23:32,70.8578,29.0864,30.15,86,75,9.22
383,Hurghada,EG,2021-10-24 20:27:14,27.2574,33.8129,73.44,38,0,8.05
384,Xacmaz,AZ,2021-10-24 20:27:15,41.4635,48.806,54.05,82,0,2.66
385,Vetluga,RU,2021-10-24 20:27:15,57.8557,45.781,34.12,97,100,9.64
386,Tukums,LV,2021-10-24 20:27:16,56.9669,23.1553,40.35,93,26,8.75
387,Asau,RO,2021-10-24 20:22:49,46.4333,26.4,38.95,72,7,0.89
388,Gashua,NG,2021-10-24 20:27:17,12.871,11.0482,90.14,17,10,8.08
389,Marzuq,YE,2021-10-24 20:27:17,14.4,46.4667,72.91,22,4,0.81
390,Poum,NC,2021-10-24 20:27:17,-20.2333,164.0167,74.14,79,14,9.46
391,Redondo,PT,2021-10-24 20:27:18,38.6487,-7.5471,58.84,38,2,3.53
392,Pangnirtung,CA,2021-10-24 20:27:18,66.1451,-65.7125,28.4,86,40,5.75
393,Vanimo,PG,2021-10-24 20:27:19,-2.6741,141.3028,76.8,89,100,4.05
394,Anadyr,RU,2021-10-24 20:27:20,64.75,177.4833,-12.05,98,86,8.66
395,Udachnyy,RU,2021-10-24 20:27:20,66.4167,112.4,10.76,99,98,3.4
396,Quata,BR,2021-10-24 20:22:43,-22.2475,-50.6983,67.87,88,100,10.22
397,Boende,CD,2021-10-24 20:27:21,-0.2167,20.8667,71.06,99,100,3.44
398,Sacama,EC,2021-10-24 20:27:22,-3.9,-79.2667,68.02,42,75,8.05
399,Tiznit,MA,2021-10-24 20:27:22,29.5833,-9.5,66.85,59,100,1.99
400,Makakilo City,US,2021-10-24 20:23:45,21.3469,-158.0858,77.61,76,90,5.75
401,El Ocotito,MX,2021-10-24 20:27:23,17.25,-99.5667,67.33,78,100,3.27
402,Ahipara,NZ,2021-10-24 20:27:23,-35.1667,173.1667,61.56,86,12,2.39
403,Sur,OM,2021-10-24 20:27:23,22.5667,59.5289,81.32,62,0,8.97
404,Barra Do Bugres,BR,2021-10-24 20:27:24,-15.0725,-57.1811,74.23,93,100,8.7
405,Kasongo-Lunda,CD,2021-10-24 20:27:24,-6.4667,16.8167,73.99,84,95,0.87
406,Narsaq,GL,2021-10-24 20:27:25,60.9167,-46.05,32.22,77,100,6.38
407,Bambanglipuro,ID,2021-10-24 20:27:25,-7.95,110.2833,78.12,82,87,5.17
408,Luzhou,CN,2021-10-24 20:27:26,28.8724,105.4405,61.36,81,100,3.31
409,Whyalla,AU,2021-10-24 20:27:26,-33.0333,137.5833,51.69,76,0,5.75
410,Abu Samrah,SY,2021-10-24 20:27:27,35.3029,37.1841,65.05,60,0,5.19
411,Tecoanapa,MX,2021-10-24 20:27:27,16.5167,-98.75,84.29,69,92,9.57
412,Marsh Harbour,BS,2021-10-24 20:25:25,26.5412,-77.0636,81.95,72,100,10.16
413,Apatity,RU,2021-10-24 20:27:28,67.5641,33.4031,23.16,88,35,4.41
414,Venado Tuerto,AR,2021-10-24 20:27:28,-33.7456,-61.9688,78.78,18,0,13.38
415,Sinnamary,GF,2021-10-24 20:27:29,5.3833,-52.95,80.92,82,100,11.65
416,Warmbad,NA,2021-10-24 20:27:29,-28.45,18.7333,67.24,22,0,12.39
417,Hit,IQ,2021-10-24 20:27:31,33.6416,42.8251,72.01,19,0,9.28
418,Port Hardy,CA,2021-10-24 20:27:31,50.6996,-127.4199,53.78,71,75,20.71
419,Ostrovnoy,RU,2021-10-24 20:27:32,68.0531,39.5131,32.04,74,28,18.84
420,Cidreira,BR,2021-10-24 20:23:32,-30.1811,-50.2056,68.34,50,0,10.29
421,Corrientes,AR,2021-10-24 20:27:32,-27.4806,-58.8341,80.94,36,0,4.61
422,Hashtgerd,IR,2021-10-24 20:27:34,35.9642,50.6858,52.36,48,0,3.98
423,Drayton Valley,CA,2021-10-24 20:27:34,53.2168,-114.9854,47.91,62,14,12.84
424,Pyu,MM,2021-10-24 20:27:34,18.4833,96.4333,72.77,97,100,4.12
425,Mount Darwin,ZW,2021-10-24 20:27:35,-16.7725,31.5838,83.41,34,92,12.84
426,Vestmanna,FO,2021-10-24 20:27:35,62.1564,-7.1664,49.12,100,90,17.27
427,Tari,NG,2021-10-24 20:27:36,12.4086,4.4914,84.92,42,32,3.02
428,Skjervoy,NO,2021-10-24 20:27:36,70.0311,20.9714,35.37,63,100,22.7
429,Labrea,BR,2021-10-24 20:27:37,-7.2586,-64.7981,89.2,53,96,2.1
430,Erzin,TR,2021-10-24 20:27:37,36.9559,36.2,65.12,75,1,1.81
431,Nuevo Progreso,MX,2021-10-24 20:27:38,23.1667,-97.95,89.6,62,91,10.13
432,Fortuna,US,2021-10-24 20:24:03,40.5982,-124.1573,56.93,91,20,8.01
433,Makhalino,RU,2021-10-24 20:27:38,53.0854,46.2211,37.38,85,83,8.03
434,Fougamou,GA,2021-10-24 20:27:39,-1.2154,10.5838,74.17,98,75,3.15
435,Basco,PH,2021-10-24 20:27:39,20.4487,121.9702,80.8,77,25,16.53
436,Am Timan,TD,2021-10-24 20:27:40,11.0297,20.2827,82.71,50,70,3.38
437,Cherepovets,RU,2021-10-24 20:27:40,59.1333,37.9,30.02,86,75,6.71
438,Nome,US,2021-10-24 20:27:40,64.5011,-165.4064,30.27,86,75,3.44
439,Tarancon,ES,2021-10-24 20:27:41,40.0085,-3.0073,60.49,35,0,1.12
440,Hami,CN,2021-10-24 20:24:25,42.8,93.45,45.09,36,11,7.29
441,Havelock,US,2021-10-24 20:27:42,34.8791,-76.9013,79.03,71,93,1.01
442,Vieques,PR,2021-10-24 20:27:42,18.425,-65.8329,86.9,70,40,10.36
443,Indian Head,US,2021-10-24 20:27:43,38.6001,-77.1622,75.15,59,1,5.01
444,Sarangani,PH,2021-10-24 20:27:43,5.4033,125.4636,82.94,72,94,8.03
445,Hitoyoshi,JP,2021-10-24 20:27:44,32.2167,130.75,55.8,95,100,2.04
446,Kirn,DE,2021-10-24 20:27:44,49.7833,7.45,46.0,85,0,3.47
447,Baherden,TM,2021-10-24 20:27:45,38.4362,57.4316,59.67,27,96,3.44
448,Ardakan,IR,2021-10-24 20:27:45,32.31,54.0175,62.98,21,53,6.08
449,Lakselv,NO,2021-10-24 20:27:45,70.0513,24.9718,17.42,86,0,6.91
450,Tagusao,PH,2021-10-24 20:27:46,9.1924,117.8141,77.38,83,98,4.47
451,Soto La Marina,MX,2021-10-24 20:27:46,23.7667,-98.2167,85.77,43,78,6.91
452,Tomatlan,MX,2021-10-24 20:27:46,19.9333,-105.25,90.82,56,100,7.4
453,Hofn,IS,2021-10-24 20:27:47,64.2539,-15.2082,42.94,87,100,14.99
454,Abnub,EG,2021-10-24 20:27:47,27.2696,31.1511,68.22,40,0,9.46
455,Ushtobe,KZ,2021-10-24 20:27:48,45.2514,77.9838,41.49,54,0,10.69
456,Macia,MZ,2021-10-24 20:27:48,-25.0269,33.0989,66.67,78,100,14.09
457,Nantucket,US,2021-10-24 20:27:19,41.2835,-70.0995,57.31,57,1,13.8
458,Kasamwa,TZ,2021-10-24 20:27:49,-2.85,32.4333,70.05,77,50,4.9
459,Ise,JP,2021-10-24 20:27:49,34.4833,136.7,60.12,89,100,7.23
460,Oudtshoorn,ZA,2021-10-24 20:27:50,-33.5907,22.2014,50.36,69,0,3.47
461,Adwa,ET,2021-10-24 20:27:50,14.1646,38.8955,65.88,50,65,6.69
462,Chabahar,IR,2021-10-24 20:27:51,25.2919,60.643,78.98,69,0,1.68
463,Virginia Beach,US,2021-10-24 20:24:43,36.8529,-75.978,78.1,60,20,16.11
464,Koumac,NC,2021-10-24 20:27:52,-20.5667,164.2833,74.46,75,4,5.37
465,Bogorodsk,RU,2021-10-24 20:27:52,56.1033,43.5158,33.15,94,100,14.09
466,Topolobampo,MX,2021-10-24 20:27:53,25.6,-109.05,91.06,58,20,10.36
467,Nsanje,MW,2021-10-24 20:27:53,-16.92,35.262,83.8,47,0,8.16
468,Kushiro,JP,2021-10-24 20:27:54,42.975,144.3747,45.43,83,0,1.16
469,Zhuanghe,CN,2021-10-24 20:27:54,39.7008,122.9911,49.77,69,0,2.98
470,Half Moon Bay,US,2021-10-24 20:27:55,37.4636,-122.4286,64.89,93,90,29.93
471,Curanilahue,CL,2021-10-24 20:27:55,-37.4667,-73.35,64.35,56,2,8.77
472,Tabriz,IR,2021-10-24 20:27:56,38.08,46.2919,49.46,34,0,4.61
473,Marsabit,KE,2021-10-24 20:27:56,2.3284,37.9899,75.54,44,16,14.03
474,Flin Flon,CA,2021-10-24 20:27:57,54.7682,-101.865,40.84,65,75,11.5
475,Marrakesh,MA,2021-10-24 20:23:03,31.6315,-8.0083,75.27,31,0,2.3
476,Tallahassee,US,2021-10-24 20:25:21,30.4383,-84.2807,78.85,75,90,0.0
477,Williams Lake,CA,2021-10-24 20:27:57,52.1415,-122.1445,51.37,53,75,4.0
478,Develi,TR,2021-10-24 20:27:58,38.3906,35.4922,40.35,40,4,3.33
479,Maua,BR,2021-10-24 20:27:58,-23.6678,-46.4614,66.36,85,94,5.93
480,Cururupu,BR,2021-10-24 20:27:59,-1.8283,-44.8683,84.58,66,42,5.99
481,Brasileia,BR,2021-10-24 20:27:59,-11.0161,-68.7481,92.64,43,100,4.23
482,Olafsvik,IS,2021-10-24 20:23:42,64.8945,-23.7142,41.86,86,100,19.3
483,Gornopravdinsk,RU,2021-10-24 20:28:00,60.05,69.9,37.51,97,100,4.0
484,Capaci,IT,2021-10-24 20:28:00,38.1711,13.2393,64.0,82,20,16.11
485,Tupik,RU,2021-10-24 20:28:00,54.4253,119.9327,30.65,80,21,3.24
486,Novyy Urengoy,RU,2021-10-24 20:28:01,66.0833,76.6333,24.42,85,72,23.02
487,Gualeguay,AR,2021-10-24 20:25:36,-33.1416,-59.3097,81.39,17,0,11.81
488,Bethanien,NA,2021-10-24 20:28:02,-26.502,17.1583,67.28,24,7,8.97
489,Coueron,FR,2021-10-24 20:26:58,47.2151,-1.7217,58.68,93,90,4.61
490,Okha,RU,2021-10-24 20:28:03,53.5739,142.9478,33.1,91,69,10.31
491,Verkh-Usugli,RU,2021-10-24 20:28:03,52.7,115.1667,26.26,93,9,3.31
492,Thunder Bay,CA,2021-10-24 20:28:04,48.4001,-89.3168,46.56,61,75,5.75
493,Pervomayskoye,RU,2021-10-24 20:28:04,43.919,46.7102,52.86,78,65,2.82
494,Deggendorf,DE,2021-10-24 20:28:04,48.8333,12.9667,45.21,67,0,3.11
495,Havoysund,NO,2021-10-24 20:28:05,70.9963,24.6622,29.28,78,81,12.21
496,Ventspils,LV,2021-10-24 20:28:05,57.3894,21.5606,51.73,76,0,14.97
497,Honiara,SB,2021-10-24 20:23:21,-9.4333,159.95,79.52,83,7,2.89
498,Mera,RO,2021-10-24 20:28:06,45.7667,26.95,39.83,65,6,4.85
499,Boyolangu,ID,2021-10-24 20:28:06,-8.1181,111.8935,76.37,87,96,5.73
500,Basoko,CD,2021-10-24 20:28:07,1.2391,23.616,70.66,96,100,2.13
501,Calvinia,ZA,2021-10-24 20:28:07,-31.4707,19.776,59.94,36,0,5.99
502,Lodja,CD,2021-10-24 20:28:08,-3.4833,23.4333,70.9,99,52,2.1
503,Stendal,DE,2021-10-24 20:28:08,52.6,11.85,44.94,75,6,6.98
504,Kabompo,ZM,2021-10-24 20:28:09,-13.5927,24.2008,69.08,72,100,7.23
505,Sergach,RU,2021-10-24 20:28:09,55.5308,45.4661,37.17,97,100,8.41
506,Gherghesti,RO,2021-10-24 20:28:10,46.5,27.5167,35.04,67,8,7.27
507,Codrington,AU,2021-10-24 20:28:10,-38.2667,141.9667,50.27,65,100,9.78
508,Chingirlau,KZ,2021-10-24 20:28:11,51.095,54.0814,45.43,70,100,5.99
509,Dingle,PH,2021-10-24 20:28:11,10.9995,122.6711,75.45,92,100,3.74
510,Rio Gallegos,AR,2021-10-24 20:28:12,-51.6226,-69.2181,46.45,57,40,34.52
511,Booue,GA,2021-10-24 20:28:12,-0.0921,11.9385,75.7,89,100,1.95
512,Broken Hill,AU,2021-10-24 20:24:17,-31.95,141.4333,49.66,48,0,10.36
513,Manbij,SY,2021-10-24 20:28:13,36.5281,37.9549,57.97,50,0,9.86
514,Chapais,CA,2021-10-24 20:25:46,49.7834,-74.8492,42.58,55,97,6.6
515,Masterton,NZ,2021-10-24 20:28:13,-40.9597,175.6575,59.88,87,93,3.91
516,Paamiut,GL,2021-10-24 20:28:14,61.994,-49.6678,31.44,40,0,13.87
517,Attayyampatti,IN,2021-10-24 20:28:14,11.5333,78.0667,73.98,95,100,3.51
518,Bathsheba,BB,2021-10-24 20:28:15,13.2167,-59.5167,79.41,89,40,14.97
519,Kropotkin,RU,2021-10-24 20:28:15,45.4375,40.5756,43.63,89,100,11.83
520,Lashio,MM,2021-10-24 20:24:35,22.9333,97.75,65.5,100,100,1.21
521,Modakeke,NG,2021-10-24 20:28:16,7.3833,4.2667,82.08,95,39,2.77
522,Vikhorevka,RU,2021-10-24 20:25:05,56.1201,101.1636,38.79,96,100,12.86
523,Riyadh,SA,2021-10-24 20:23:41,24.6877,46.7219,77.14,16,0,7.72
524,Fairbanks,US,2021-10-24 20:27:05,64.8378,-147.7164,25.21,91,90,0.0
525,Daru,PG,2021-10-24 20:28:16,-9.0763,143.2092,79.34,85,99,8.93
526,Barcelona,ES,2021-10-24 20:27:54,41.3888,2.159,65.32,85,40,4.61
527,Tiarei,PF,2021-10-24 20:28:17,-17.5333,-149.3333,73.42,92,100,15.57
528,Acapulco,MX,2021-10-24 20:28:17,16.8634,-99.8901,75.02,94,90,11.5
529,Kutum,SD,2021-10-24 20:23:22,14.2,24.6667,77.25,22,1,14.81
530,Karpathos,GR,2021-10-24 20:28:18,35.507,27.2132,69.76,78,24,21.85
531,Halifax,CA,2021-10-24 20:25:42,44.6453,-63.5724,50.22,64,6,4.0
532,Damghan,IR,2021-10-24 20:28:18,36.1683,54.348,54.41,44,63,6.35
533,Morgan City,US,2021-10-24 20:28:19,29.6994,-91.2068,82.99,84,100,11.63
534,Ulaanbaatar,MN,2021-10-24 20:25:25,47.9077,106.8832,14.13,79,0,2.24
535,Sibolga,ID,2021-10-24 20:24:05,1.7427,98.7792,74.84,90,98,1.83
536,Port-Cartier,CA,2021-10-24 20:28:20,50.0334,-66.8654,49.75,78,100,12.82
537,Zheleznodorozhnyy,RU,2021-10-24 20:28:20,55.7503,38.0042,34.21,72,20,11.05
538,Lagoa,PT,2021-10-24 20:28:20,39.05,-27.9833,66.0,71,9,11.45
539,Chardara,KZ,2021-10-24 20:28:21,41.2547,67.9692,55.02,36,0,4.97
540,Camacha,PT,2021-10-24 20:24:10,33.0833,-16.3333,67.42,56,40,8.05
541,Sayyan,YE,2021-10-24 20:28:21,15.1718,44.3244,56.21,23,12,3.44
542,Leeton,AU,2021-10-24 20:28:22,-34.5667,146.4,43.9,81,0,8.05
543,Bukene,TZ,2021-10-24 20:28:22,-4.2333,32.8833,76.75,40,97,3.04
544,Miyako,JP,2021-10-24 20:28:23,39.6367,141.9525,48.69,77,71,5.46
545,Asfi,MA,2021-10-24 20:28:23,32.2994,-9.2372,67.86,75,100,11.9
546,Dubrovnik,HR,2021-10-24 20:28:23,42.6481,18.0922,60.44,36,0,12.66
547,Nizhniy Odes,RU,2021-10-24 20:28:24,63.6445,54.856,26.17,95,100,3.02
548,Pangai,TO,2021-10-24 20:26:31,-19.8,-174.35,78.91,53,40,16.11
549,Conakry,GN,2021-10-24 20:26:16,9.538,-13.6773,72.36,75,94,5.75
550,Znamenskoye,RU,2021-10-24 20:28:25,57.1281,73.8282,44.55,93,100,11.54
551,Ushumun,RU,2021-10-24 20:28:25,52.7833,126.5333,32.83,89,6,2.68
552,Ceuta,ES,2021-10-24 20:28:25,35.8903,-5.3075,68.11,83,77,14.29
553,Wasilla,US,2021-10-24 20:28:26,61.5814,-149.4394,46.72,72,1,8.05
554,Bratsk,RU,2021-10-24 20:28:26,56.1325,101.6142,37.89,96,100,13.94
555,Qaqortoq,GL,2021-10-24 20:26:21,60.7167,-46.0333,32.5,58,100,5.37
556,Brae,GB,2021-10-24 20:26:04,60.3964,-1.353,53.51,94,99,9.66
